"7.981696,",-0.265577
"7.982739,",-0.264116
"7.981681,",-0.26304
"7.982531,",-0.263429
"7.983202,",-0.26588
"7.987566,",-0.265851
"7.976932,",-0.265704
"7.977632,",-0.267205
"7.977845,",-0.270629
"7.976520,",-0.27013
"7.977290,",-0.268827
"7.979014,",-0.270275
"7.976051,",-0.27181
"7.975136,",-0.268628
"7.980909,",-0.266835
"7.976649,",-0.269024
"7.977384,",-0.266292
"7.973853,",-0.264753
"7.977526,",-0.263618
"7.979578,",-0.264991
"7.980956,",-0.260607
"7.982057,",-0.260657
"7.978442,",-0.264984
"7.982740,",-0.261931
"7.978664,",-0.262264
"7.983117,",-0.25773
"7.979143,",-0.258558
"7.976891,",-0.259761
"7.976199,",-0.261024
"7.979853,",-0.260066
"7.984758,",-0.262734
"7.979191,",-0.264017
"7.978178,",-0.264079
"7.978479,",-0.265389
"7.977758,",-0.266458
"7.975328,",-0.265048
"7.978643,",-0.268822
"7.976299,",-0.267704
"7.973159,",-0.267008
"7.976902,",-0.269269
"7.976840,",-0.268248
"7.976444,",-0.263962
"7.978778,",-0.262675
"7.972363,",-0.26121
"7.972483,",-0.262691
"8.014057,",-0.237845
"8.028655,",-0.225356
"8.042155,",-0.221205
"8.049765,",-0.222127
"8.066407,",-0.220597
"8.068933,",-0.21721
"8.107341,",-0.224374
"8.127152,",-0.228386
"8.130198,",-0.237447
"8.143002,",-0.237368
"8.148442,",-0.24151
"8.153073,",-0.242465
"8.216573,",-0.250603
"8.240644,",-0.26064
"8.249216,",-0.267058
"8.257552,",-0.268653
"8.266095,",-0.270197
"8.268377,",-0.267063
"8.271465,",-0.269476
"8.326571,",-0.267257
"8.352500,",-0.264398
"8.364535,",-0.262119
"8.374627,",-0.260909
"8.398980,",-0.253569
"8.416233,",-0.245159
"8.452258,",-0.237177
"8.472070,",-0.23259
"8.491900,",-0.221194
"8.522865,",-0.211053
"8.555811,",-0.198894
"8.581898,",-0.187122
"8.585015,",-0.180392
"8.597430,",-0.167527
"8.633449,",-0.145233
"8.647302,",-0.130357
"8.684139,",-0.109014
"8.707909,",-0.085463
"8.729180,",-0.059086
"8.746082,",-0.030461
"8.752256,",-0.009351
"8.761433,",0.00319
"8.770800,",0.006204
"8.785015,",0.007883
"8.799087,",0.013667
"8.847474,",0.008593
"8.864003,",0.011104
"8.868434,",0.014718
"8.912178,",0.02082
"8.945597,",0.030765
"8.977280,",0.042797
"8.999462,",0.059596
"9.013025,",0.064335
"9.029869,",0.070728
"9.063723,",0.08051
"9.072140,",0.089998
"9.089771,",0.10318
"9.126989,",0.129129
"9.134212,",0.147067
"9.138052,",0.16749
"9.151448,",0.169837
"9.171318,",0.174299
"9.188336,",0.175162
"9.208422,",0.173858
"9.241990,",0.168865
"9.251655,",0.182298
"9.277463,",0.190774
"9.303078,",0.191268
"9.321759,",0.20283
"9.328642,",0.22173
"9.343330,",0.239191
"9.369532,",0.239832
"9.372140,",0.263605
"9.376864,",0.280531
"9.380458,",0.30818
"9.420703,",0.310153
"9.439413,",0.32486
"9.444432,",0.331665
"9.447202,",0.349472
"9.452839,",0.370413
"9.464825,",0.39216
"9.476509,",0.413511
"9.481107,",0.427864
"9.472071,",0.456748
"9.488000,",0.472793
"9.497887,",0.490813
"9.535370,",0.506744
"9.574306,",0.517181
"9.593157,",0.526685
"9.609838,",0.540962
"9.596422,",0.549251
"9.602274,",0.571149
"9.609903,",0.588026
"9.603579,",0.611573
"9.604633,",0.63691
"9.622320,",0.640952
"9.665374,",0.665125
"9.685847,",0.677611
"9.697020,",0.690329
"9.690625,",0.714611
"9.697649,",0.721323
"9.733967,",0.738076
"9.736070,",0.736983
"9.736189,",0.752984
"9.727749,",0.777058
"9.710347,",0.798421
"9.735550,",0.814074
"9.735450,",0.842611
"9.737826,",0.857753
"9.724200,",0.877816
"9.740229,",0.902535
"9.746683,",0.922678
"9.764333,",0.928684
"9.763261,",0.949116
"9.773007,",0.972176
"9.792874,",0.988002
"9.760309,",1.021898
"9.753561,",1.039379
"9.772459,",1.066506
"9.778955,",1.084669
"9.783289,",1.099615
"9.788506,",1.112168
"9.790828,",1.127603
"9.800192,",1.154005
"9.793742,",1.186048
"9.786199,",1.216084
"9.781011,",1.234453
"9.770582,",1.259629
"9.774897,",1.276289
"9.773544,",1.290857
"9.769588,",1.310823
"9.799008,",1.313131
"9.828941,",1.325385
"9.842494,",1.33558
"9.849874,",1.347139
"9.848529,",1.353831
"9.853633,",1.375436
"9.848816,",1.395999
"9.837439,",1.419692
"9.839312,",1.430784
"9.846712,",1.450875
"9.845695,",1.478401
"9.843306,",1.498572
"9.840470,",1.520458
"9.821225,",1.548251
"9.823102,",1.574312
"9.815908,",1.594858
"9.804977,",1.616263
"9.808859,",1.633547
"9.818471,",1.655074
"9.824185,",1.671818
"9.822528,",1.689552
"9.820336,",1.708285
"9.822539,",1.736603
"9.833553,",1.756966
"9.829549,",1.776874
"9.827971,",1.793643
"9.829378,",1.81298
"9.829069,",1.826736
"9.828353,",1.842575
"9.830085,",1.857505
"9.837979,",1.869444
"9.841090,",1.890871
"9.835906,",1.914883
"9.832198,",1.931736
"9.819372,",1.955139
"9.816139,",1.970695
"9.812197,",1.979212
"9.810778,",2.008342
"9.807742,",2.024975
"9.794333,",2.038782
"9.796777,",2.070866
"9.812806,",2.102885
"9.828858,",2.1319
"9.828674,",2.159046
"9.812456,",2.185915
"9.796133,",2.202733
"9.801385,",2.236275
"9.807750,",2.259471
"9.793615,",2.29685
"9.802256,",2.337676
"9.784958,",2.362083
"9.785337,",2.401865
"9.791106,",2.438175
"9.783741,",2.467205
"9.767850,",2.490307
"9.769789,",2.50017
"9.786656,",2.506434
"9.798839,",2.506177
"9.779000,",2.530472
"9.766244,",2.555538
"9.758966,",2.576637
"9.771378,",2.598354
"9.773703,",2.628918
"9.782365,",2.654391
"9.779400,",2.679459
"9.781399,",2.708938
"9.776410,",2.733978
"9.780553,",2.755395
"9.778604,",2.773705
"9.794674,",2.793989
"9.797950,",2.81867
"9.793311,",2.835167
"9.797841,",2.850651
"9.801463,",2.871974
"9.806462,",2.897663
"9.813121,",2.916957
"9.812630,",2.944491
"9.811732,",2.963401
"9.819999,",2.982226
"9.821546,",3.008947
"9.824398,",3.035387
"9.832572,",3.065583
"9.834242,",3.08147
"9.834162,",3.099417
"9.830790,",3.113976
"9.830076,",3.133618
"9.828303,",3.1502
"9.821287,",3.172445
"9.818794,",3.190828
"9.824887,",3.220197
"9.823628,",3.243834
"9.831373,",3.266889
"9.835981,",3.288626
"9.833722,",3.305251
"9.839579,",3.326618
"9.841237,",3.348032
"9.844495,",3.371891
"9.839760,",3.388143
"9.835715,",3.40656
"9.848701,",3.41896
"9.828336,",3.440924
"9.833426,",3.465433
"9.832976,",3.499304
"9.826964,",3.526766
"9.812439,",3.546137
"9.803064,",3.569544
"9.815378,",3.58762
"9.818300,",3.604327
"9.815805,",3.623927
"9.806221,",3.642041
"9.808127,",3.658671
"9.812182,",3.682836
"9.813334,",3.699215
"9.812736,",3.71568
"9.820061,",3.746165
"9.832893,",3.77993
"9.839686,",3.813016
"9.842776,",3.837914
"9.847075,",3.862725
"9.829736,",3.889449
"9.836449,",3.916724
"9.849433,",3.939596
"9.838260,",3.95583
"9.838959,",3.974288
"9.834067,",3.988104
"9.842186,",4.000372
"9.837837,",4.019011
"9.839221,",4.03149
"9.849763,",4.049391
"9.859473,",4.062663
"9.867088,",4.086512
"9.877846,",4.116965
"9.870574,",4.142881
"9.888879,",4.168922
"9.883838,",4.189736
"9.888176,",4.214547
"9.892917,",4.234659
"9.889478,",4.25788
"9.895507,",4.279939
"9.900688,",4.294547
"9.903522,",4.317051
"9.900248,",4.316189
"9.904256,",4.321902
"9.872723,",4.340464
"9.860562,",4.354122
"9.847594,",4.392871
"9.852365,",4.414841
"9.849337,",4.449391
"9.860124,",4.482535
"9.862410,",4.508464
"9.862626,",4.535861
"9.868380,",4.562463
"9.861557,",4.582144
"9.866550,",4.606506
"9.866956,",4.629654
"9.854010,",4.651099
"9.867257,",4.674342
"9.878010,",4.697945
"9.871847,",4.709788
"9.881232,",4.737404
"9.894206,",4.759464
"9.897014,",4.784914
"9.890466,",4.805587
"9.895070,",4.821499
"9.890106,",4.835507
"9.894249,",4.857817
"9.894094,",4.875705
"9.888675,",4.890791
"9.894165,",4.903364
"9.886323,",4.919201
"9.880022,",4.944895
"9.884118,",4.967254
"9.885910,",4.982215
"9.886844,",5.001879
"9.885355,",5.022237
"9.890843,",5.043826
"9.888726,",5.05893
"9.886220,",5.078698
"9.902314,",5.105758
"9.914209,",5.137624
"9.920698,",5.160483
"9.920093,",5.177131
"9.904056,",5.206173
"9.891137,",5.237556
"9.881031,",5.261173
"9.878321,",5.276483
"9.872207,",5.302124
"9.867770,",5.324569
"9.872605,",5.355597
"9.878198,",5.379489
"9.871535,",5.395696
"9.878431,",5.417492
"9.866068,",5.432743
"9.873113,",5.45314
"9.876118,",5.471269
"9.867736,",5.490792
"9.861823,",5.504462
"9.857812,",5.516886
"9.854307,",5.533269
"9.860208,",5.560766
"9.869664,",5.585117
"9.876079,",5.610453
"9.876609,",5.631769
"9.871432,",5.650902
"9.872916,",5.666796
"9.881886,",5.68909
"9.879962,",5.706493
"9.881145,",5.721311
"9.874788,",5.7537
"9.870785,",5.777789
"9.871106,",5.797403
"9.871595,",5.823395
"9.882731,",5.843575
"9.885207,",5.859089
"9.883129,",5.86811
"9.887407,",5.89406
"9.891800,",5.922243
"9.899387,",5.942772
"9.901623,",5.965924
"9.911538,",5.983178
"9.916066,",6.002916
"9.918414,",6.021819
"9.922989,",6.039977
"9.918448,",6.05369
"9.918105,",6.072665
"9.922151,",6.087502
"9.922783,",6.109807
"9.926475,",6.13618
"9.930425,",6.162086
"9.930094,",6.190064
"9.936309,",6.217594
"9.936563,",6.242694
"9.942005,",6.273556
"9.948213,",6.305748
"9.942286,",6.320462
"9.943208,",6.347498
"9.936038,",6.363597
"9.931666,",6.387083
"9.936782,",6.411473
"9.939323,",6.429259
"9.945223,",6.446196
"9.942434,",6.463397
"9.938881,",6.479683
"9.929698,",6.502931
"9.927428,",6.522958
"9.928426,",6.546599
"9.923992,",6.57233
"9.917953,",6.595489
"9.903807,",6.612527
"9.900181,",6.635181
"9.899364,",6.654561
"9.892744,",6.680452
"9.881903,",6.701924
"9.883110,",6.723904
"9.879168,",6.745425
"9.871673,",6.767814
"9.865695,",6.786746
"9.862865,",6.802083
"9.854470,",6.818809
"9.846223,",6.834601
"9.840348,",6.852159
"9.839543,",6.87303
"9.833395,",6.893722
"9.823519,",6.912726
"9.816984,",6.932961
"9.807184,",6.951501
"9.801694,",6.969012
"9.800401,",6.984166
"9.794391,",7.00086
"9.791295,",7.017592
"9.784324,",7.036001
"9.770415,",7.05736
"9.761663,",7.07234
"9.750037,",7.088295
"9.745317,",7.101988
"9.737676,",7.12011
"9.734913,",7.151802
"9.731465,",7.177969
"9.727518,",7.206776
"9.722767,",7.231246
"9.706262,",7.251125
"9.695092,",7.270774
"9.685920,",7.291132
"9.674597,",7.308846
"9.659714,",7.327251
"9.644013,",7.341662
"9.627385,",7.358409
"9.613512,",7.376818
"9.602335,",7.390626
"9.608966,",7.417029
"9.603043,",7.441089
"9.593571,",7.4632
"9.589084,",7.479012
"9.577532,",7.49408
"9.561839,",7.509856
"9.542917,",7.524912
"9.552725,",7.551576
"9.547659,",7.577162
"9.541116,",7.592386
"9.526936,",7.607943
"9.510701,",7.623505
"9.504910,",7.657019
"9.496886,",7.678889
"9.486622,",7.694704
"9.475469,",7.708334
"9.459897,",7.726084
"9.453958,",7.741221
"9.433813,",7.753638
"9.421122,",7.768441
"9.402370,",7.783667
"9.387421,",7.799129
"9.380701,",7.808809
"9.366434,",7.82829
"9.357484,",7.839799
"9.340863,",7.858935
"9.344805,",7.876628
"9.334439,",7.891685
"9.315259,",7.908265
"9.292409,",7.941417
"9.273791,",7.962379
"9.254346,",7.977387
"9.249032,",7.989831
"9.241832,",8.007662
"9.233966,",8.01902
"9.216598,",8.030219
"9.205754,",8.042017
"9.191617,",8.062204
"9.177197,",8.08256
"9.163898,",8.098968
"9.139598,",8.119753
"9.118313,",8.138515
"9.109082,",8.148894
"9.110943,",8.158562
"9.099997,",8.178101
"9.069630,",8.191298
"9.065292,",8.202594
"9.052423,",8.21728
"9.038868,",8.234583
"9.050593,",8.239505
"9.032638,",8.252164
"9.026120,",8.265711
"9.037089,",8.280936
"9.048087,",8.294846
"9.019517,",8.313062
"9.009105,",8.32094
"9.004267,",8.330403
"9.000749,",8.349724
"8.996994,",8.35724
"9.006056,",8.374757
"8.982514,",8.386754
"8.942595,",8.402964
"8.964204,",8.416
"8.952278,",8.42886
"8.918939,",8.444449
"8.872099,",8.454547
"8.828802,",8.462868
"8.830769,",8.475307
"8.809533,",8.489841
"8.777636,",8.508134
"8.759320,",8.520109
"8.770461,",8.531184
"8.740515,",8.541144
"8.710251,",8.539357
"8.680543,",8.548763
"8.618115,",8.560517
"8.633666,",8.572163
"8.595438,",8.582237
"8.576743,",8.59267
"8.544856,",8.608729
"8.505995,",8.624603
"8.483268,",8.633391
"8.436977,",8.642415
"8.421966,",8.651163
"8.401423,",8.663319
"8.396537,",8.679213
"8.368874,",8.683588
"8.390765,",8.687653
"8.372783,",8.695569
"8.345378,",8.700455
"8.367653,",8.703107
"8.268238,",8.711724
"8.236778,",8.723623
"8.225641,",8.72859
"8.196524,",8.73577
"8.200175,",8.746772
"8.178753,",8.757108
"8.157080,",8.762096
"8.086845,",8.77404
"8.084599,",8.77448
"8.093368,",8.781262
"8.058750,",8.790385
"8.044264,",8.79571
"8.031459,",8.801849
"7.967702,",8.8035
"7.936325,",8.806303
"7.922431,",8.807413
"7.884825,",8.814735
"7.889467,",8.817944
"7.847200,",8.821571
"7.843550,",8.823108
"7.817927,",8.829704
"7.793594,",8.831754
"7.835341,",8.835979
"7.834958,",8.839363
"7.805468,",8.842254
"7.871902,",8.845341
"7.817267,",8.843029
"7.828617,",8.839007
"7.837583,",8.846624
"7.804849,",8.852729
"7.805401,",8.855324
"7.848587,",8.855729
"7.878824,",8.852883
"7.859486,",8.849284
"7.810265,",8.849539
"7.828281,",8.850547
"7.800284,",8.851249
"7.810827,",8.854148
"7.798594,",8.851233
"7.821864,",8.850252
"7.817165,",8.848592
"7.783375,",8.849463
"7.690769,",8.844261
"7.662327,",8.842843
"7.657647,",8.84
"7.653913,",8.837739
"7.672863,",8.836696
"7.687649,",8.841887
"7.680913,",8.850024
"7.638976,",8.849543
"7.583781,",8.854131
"7.591947,",8.859305
"7.608187,",8.857939
"7.613369,",8.859165
"7.617785,",8.86122
"7.567731,",8.863731
"7.581673,",8.86842
"7.590365,",8.870356
"7.565030,",8.869356
"7.520404,",8.870403
"7.463543,",8.867804
"7.475542,",8.868335
"7.481482,",8.865924
"7.422567,",8.865919
"7.444106,",8.868191
"7.474016,",8.871926
"7.431059,",8.87092
"7.438791,",8.870174
"7.405057,",8.872866
"7.402010,",8.866037
"7.339588,",8.866303
"7.227947,",8.862788
"7.204988,",8.861982
"7.209544,",8.860229
"7.179718,",8.859996
"7.249866,",8.862446
"7.276698,",8.861499
"7.309970,",8.861106
"7.314019,",8.856604
"7.282848,",8.849348
"7.281603,",8.845366
"7.245671,",8.84798
"7.232017,",8.854051
"7.145003,",8.853236
"7.062109,",8.850996
"7.091738,",8.853863
"7.060028,",8.855268
"6.990106,",8.852462
"6.938394,",8.853619
"6.939980,",8.851598
"7.004271,",8.849832
"7.020530,",8.853372
"6.974133,",8.850772
"6.996625,",8.840595
"6.997236,",8.839799
"6.897700,",8.837509
"6.848935,",8.833691
"6.874128,",8.834283
"6.868318,",8.833279
"6.790068,",8.833826
"6.810213,",8.836003
"6.757735,",8.836894
"6.681522,",8.83615
"6.720796,",8.838009
"6.710985,",8.838231
"6.690850,",8.840617
"6.633358,",8.841702
"6.658063,",8.842996
"6.604091,",8.844978
"6.557960,",8.841455
"6.527658,",8.84616
"6.530977,",8.849207
"6.560429,",8.84531
"6.475647,",8.843809
"6.412291,",8.845392
"6.449466,",8.845085
"6.380007,",8.842583
"6.355113,",8.844104
"6.287545,",8.851414
"6.214086,",8.857988
"6.231501,",8.858813
"6.227411,",8.856775
"6.272521,",8.858637
"6.231022,",8.857888
"6.161329,",8.854716
"6.162799,",8.854329
"6.164118,",8.853938
"6.168513,",8.853214
"6.157353,",8.84871
"6.192672,",8.843528
"6.245641,",8.840118
"6.199376,",8.843944
"6.195833,",8.840904
"6.141808,",8.833838
"6.103388,",8.832427
"6.126625,",8.829602
"6.119494,",8.832965
"6.163508,",8.832753
"6.016318,",8.837154
"6.004550,",8.839289
"5.972843,",8.838396
"5.943184,",8.832012
"5.835969,",8.833614
"5.786144,",8.830842
"5.778649,",8.825567
"5.689639,",8.823778
"5.674364,",8.830458
"5.634865,",8.829102
"5.636238,",8.827739
"5.597323,",8.82229
"5.517038,",8.816099
"5.442632,",8.816254
"5.468664,",8.819788
"5.419402,",8.821882
"5.337992,",8.823636
"5.258971,",8.825428
"5.240949,",8.823475
"5.158045,",8.82217
"5.133914,",8.814265
"5.096518,",8.815171
"4.957278,",8.815723
"4.879556,",8.814168
"4.748697,",8.812941
"4.730441,",8.817018
"4.722216,",8.820815
"4.781089,",8.819675
"4.846247,",8.819647
"4.804855,",8.81824
"4.820795,",8.817664
"4.840709,",8.819993
"4.787007,",8.823042
"4.755025,",8.826614
"4.737096,",8.828437
"4.659271,",8.824623
"4.684792,",8.819593
"4.627175,",8.821691
"4.622998,",8.822012
"4.608498,",8.820724
"4.574890,",8.823053
"4.514656,",8.819272
"4.509818,",8.820415
"4.470454,",8.822403
"4.469056,",8.821565
"4.422229,",8.826525
"4.411893,",8.826581
"4.430222,",8.829763
"4.374644,",8.829549
"4.332006,",8.828644
"4.385381,",8.825493
"4.326841,",8.832987
"4.247449,",8.832743
"4.324247,",8.83364
"4.346074,",8.835659
"4.365459,",8.832911
"4.340241,",8.830959
"4.238223,",8.830494
"4.161331,",8.827264
"4.239211,",8.825226
"4.250697,",8.822819
"4.199819,",8.824977
"4.191729,",8.826009
"4.186944,",8.828647
"4.132830,",8.833199
"4.076961,",8.832238
"4.066884,",8.831423
"4.015170,",8.834062
"4.005002,",8.833345
"4.013252,",8.834058
"3.898474,",8.833299
"3.926368,",8.832017
"3.926733,",8.834006
"3.902660,",8.830284
"3.826283,",8.833594
"3.885840,",8.8325
"3.906834,",8.833905
"3.858169,",8.836003
"3.841890,",8.834104
"3.857198,",8.835893
"3.829849,",8.83672
"3.859029,",8.840171
"3.745996,",8.839788
"3.622260,",8.84397
"3.588661,",8.849033
"3.509169,",8.851441
"3.498233,",8.847403
"3.438403,",8.848606
"3.446917,",8.849967
"3.509473,",8.852583
"3.413823,",8.854555
"3.366286,",8.853416
"3.371924,",8.85253
"3.395561,",8.852567
"3.371815,",8.853116
"3.338729,",8.854828
"3.296898,",8.855863
"3.260740,",8.857453
"3.235546,",8.858129
"3.132168,",8.857952
"3.125519,",8.856682
"3.095857,",8.859783
"3.013916,",8.865323
"3.019000,",8.861587
"3.062573,",8.859768
"3.026415,",8.858773
"3.062054,",8.857728
"3.052228,",8.858755
"3.025010,",8.855575
"3.043966,",8.861206
"2.987539,",8.862028
"2.893179,",8.863
"2.845964,",8.861537
"2.872537,",8.862157
"2.802621,",8.86504
"2.857541,",8.868775
"2.629332,",8.871742
"2.670072,",8.87156
"2.666947,",8.869999
"2.554707,",8.871306
"2.553362,",8.870277
"2.386300,",8.874806
"2.301569,",8.878003
"2.270163,",8.880077
"2.223235,",8.879776
"2.087101,",8.880119
"2.086486,",8.875559
"1.991082,",8.88001
"1.937033,",8.880499
"1.977705,",8.877104
"1.977221,",8.885227
"1.969091,",8.887618
"1.904095,",8.888515
"1.823654,",8.891489
"1.877904,",8.895443
"1.829123,",8.898117
"1.743941,",8.903601
"1.707537,",8.904413
"1.625160,",8.900853
"1.593672,",8.900947
"1.629203,",8.901413
"1.633422,",8.897905
"1.574138,",8.901502
"1.622235,",8.903375
"1.605884,",8.90537
"1.640632,",8.907065
"1.662926,",8.909002
"1.633875,",8.913657
"1.606636,",8.911432
"1.492241,",8.91095
"1.492029,",8.910321
"1.418785,",8.909095
"1.431674,",8.912061
"1.335519,",8.912571
"1.335021,",8.908795
"1.317258,",8.916153
"1.277507,",8.916278
"1.252035,",8.912316
"1.216564,",8.906361
"1.238291,",8.911099
"1.179059,",8.910279
"1.133925,",8.913026
"1.112594,",8.909691
"1.077502,",8.907767
"1.045524,",8.904323
"0.989396,",8.90789
"1.068527,",8.907736
"1.000749,",8.907076
"1.004520,",8.906956
"0.997888,",8.908801
"0.953135,",8.909044
"0.953839,",8.91131
"0.908847,",8.911161
"0.875494,",8.917343
"0.765024,",8.917365
"0.713662,",8.916062
"0.731768,",8.920097
"0.719349,",8.922359
"0.697277,",8.923251
"0.633796,",8.925515
"0.680017,",8.926358
"0.684927,",8.929168
"0.617170,",8.928124
"0.588755,",8.933105
"0.496128,",8.93068
"0.394801,",8.928219
"0.334572,",8.926559
"0.326366,",8.924625
"0.336242,",8.927325
"0.333658,",8.92496
"0.326237,",8.92437
"0.296074,",8.924483
"0.295810,",8.927002
"0.222290,",8.931285
"0.188105,",8.935693
"0.194175,",8.937014
"0.191825,",8.935125
"0.255551,",8.932365
"0.220288,",8.934711
"0.257877,",8.932679
"0.260070,",8.932912
"0.335680,",8.933522
"0.312007,",8.934811
"0.416941,",8.931673
"0.378966,",8.930283
"0.362991,",8.929099
"0.317448,",8.928027
"0.284403,",8.929193
"0.311835,",8.931119
"0.322492,",8.930578
"0.232698,",8.934761
"0.293819,",8.932299
"0.297325,",8.93787
"0.336011,",8.938786
"0.338762,",8.933457
"0.311492,",8.932667
"0.277252,",8.934418
"0.289051,",8.936872
"0.249913,",8.935452
"0.215046,",8.935458
"0.186360,",8.935941
"0.151725,",8.933827
"0.173263,",8.930073
"0.175704,",8.924778
"0.111973,",8.924967
"0.123433,",8.928245
"0.047090,",8.928025
"0.058935,",8.93212
"0.021854,",8.932599
"0.013174,",8.935968
"-0.059265,",8.934731
"-0.103131,",8.934255
"-0.156126,",8.934691
"-0.193352,",8.936048
"-0.220197,",8.939584
"-0.207650,",8.930208
"-0.256963,",8.926358
"-0.285905,",8.929561
"-0.281924,",8.926855
"-0.275036,",8.927694
"-0.304507,",8.925301
"-0.358802,",8.92877
"-0.351954,",8.928989
"-0.324479,",8.928691
"-0.328107,",8.930356
"-0.419679,",8.926547
"-0.468717,",8.927432
"-0.467644,",8.926074
"-0.499497,",8.927047
"-0.534196,",8.929911
"-0.555322,",8.928736
"-0.620251,",8.927161
"-0.646032,",8.923434
"-0.701490,",8.924819
"-0.727073,",8.925049
"-0.709398,",8.924883
"-0.758324,",8.921929
"-0.816280,",8.924912
"-0.816799,",8.923344
"-0.824001,",8.92196
"-0.817185,",8.923549
"-0.826005,",8.923298
"-0.861787,",8.928149
"-0.876402,",8.930714
"-0.914492,",8.932516
"-0.942842,",8.937283
"-0.967928,",8.93717
"-0.939059,",8.938358
"-0.931838,",8.935654
"-0.952158,",8.93745
"-0.937583,",8.937426
"-0.924568,",8.938773
"-0.944317,",8.936605
"-0.917038,",8.934865
"-0.915137,",8.936758
"-0.890249,",8.938617
"-0.933644,",8.943828
"-0.970211,",8.946738
"-0.945811,",8.946311
"-0.990423,",8.947516
"-1.012477,",8.944915
"-1.036616,",8.944908
"-1.072540,",8.9476
"-1.109668,",8.948455
"-1.118549,",8.952683
"-1.140919,",8.952974
"-1.174774,",8.948819
"-1.180209,",8.944656
"-1.224764,",8.945024
"-1.232033,",8.947884
"-1.218710,",8.946088
"-1.267784,",8.946018
"-1.282407,",8.946758
"-1.282611,",8.949619
"-1.320097,",8.95114
"-1.326840,",8.952678
"-1.317193,",8.951973
"-1.404021,",8.952081
"-1.452416,",8.954701
"-1.464883,",8.954867
"-1.496367,",8.951009
"-1.519199,",8.949812
"-1.529808,",8.952114
"-1.500720,",8.954134
"-1.529341,",8.958626
"-1.578591,",8.959762
"-1.599134,",8.957621
"-1.620206,",8.959102
"-1.676917,",8.958784
"-1.714876,",8.95773
"-1.704737,",8.960271
"-1.745480,",8.960731
"-1.770700,",8.960896
"-1.771372,",8.957303
"-1.784056,",8.957856
"-1.807498,",8.956142
"-1.886226,",8.961317
"-1.916725,",8.958111
"-1.945657,",8.9566
"-1.968070,",8.957671
"-2.023006,",8.955582
"-2.039080,",8.955244
"-2.095037,",8.955396
"-2.103597,",8.957709
"-2.132557,",8.956732
"-2.169555,",8.961971
"-2.210715,",8.955475
"-2.224454,",8.951436
"-2.242223,",8.957388
"-2.260397,",8.960973
"-2.280152,",8.958894
"-2.274421,",8.956579
"-2.285477,",8.959241
"-2.324465,",8.957506
"-2.357587,",8.956912
"-2.371011,",8.956039
"-2.353267,",8.963179
"-2.380724,",8.967336
"-2.419534,",8.968678
"-2.432330,",8.972086
"-2.456938,",8.972469
"-2.443844,",8.977169
"-2.452487,",8.975196
"-2.478884,",8.971899
"-2.515955,",8.971322
"-2.551526,",8.972875
"-2.528832,",8.974764
"-2.506729,",8.977267
"-2.538593,",8.975204
"-2.527820,",8.973497
"-2.576761,",8.973813
"-2.610117,",8.974546
"-2.628542,",8.973153
"-2.605668,",8.977448
"-2.635871,",8.977688
"-2.638479,",8.979426
"-2.669403,",8.976837
"-2.655294,",8.97652
"-2.690593,",8.976123
"-2.712567,",8.973659
"-2.722883,",8.9732
"-2.764314,",8.968819
"-2.778534,",8.96587
"-2.786247,",8.962763
"-2.818914,",8.960285
"-2.821662,",8.959501
"-2.854172,",8.960204
"-2.846491,",8.961955
"-2.885039,",8.959859
"-2.910421,",8.958025
"-2.868714,",8.960323
"-2.875380,",8.954332
"-2.847399,",8.958728
"-2.871097,",8.959386
"-2.858418,",8.952521
"-2.868643,",8.952293
"-2.891471,",8.947647
"-2.826960,",8.940513
"-2.846862,",8.941146
"-2.903651,",8.939854
"-2.889973,",8.937424
"-2.935488,",8.933998
"-2.939374,",8.93476
"-2.951867,",8.933977
"-2.943402,",8.933337
"-2.967910,",8.932699
"-3.002136,",8.935265
"-3.001134,",8.929412
"-3.001581,",8.923599
"-2.993822,",8.921142
"-3.008320,",8.920055
"-3.036656,",8.918138
"-3.033988,",8.914356
"-3.062973,",8.910178
"-3.084901,",8.907298
"-3.100129,",8.9061
"-3.121146,",8.905491
"-3.119312,",8.9036
"-3.155087,",8.902802
"-3.192215,",8.900853
"-3.220075,",8.893102
"-3.252770,",8.887507
"-3.262535,",8.884339
"-3.317612,",8.880055
"-3.342773,",8.876896
"-3.401864,",8.872995
"-3.403246,",8.865259
"-3.430267,",8.860517
"-3.447422,",8.860627
"-3.492567,",8.858277
"-3.491209,",8.858201
"-3.516050,",8.858865
"-3.547912,",8.857811
"-3.576503,",8.852667
"-3.599359,",8.850559
"-3.630324,",8.848207
"-3.650810,",8.844701
"-3.690372,",8.840884
"-3.696544,",8.835561
"-3.738099,",8.831201
"-3.739036,",8.823198
"-3.743640,",8.821306
"-3.793874,",8.816055
"-3.815069,",8.811433
"-3.850550,",8.80859
"-3.872357,",8.808756
"-3.836615,",8.80686
"-3.845796,",8.806332
"-3.898399,",8.804087
"-3.900596,",8.800026
"-3.934052,",8.792041
"-4.007514,",8.790062
"-4.060839,",8.793328
"-4.090866,",8.787202
"-4.133101,",8.784556
"-4.141847,",8.784503
"-4.134226,",8.783718
"-4.147022,",8.783402
"-4.126892,",8.778142
"-4.115811,",8.777721
"-4.135884,",8.772358
"-4.145416,",8.773684
"-4.141287,",8.770765
"-4.158992,",8.760448
"-4.192198,",8.753971
"-4.214280,",8.750421
"-4.247920,",8.750182
"-4.211954,",8.749461
"-4.203893,",8.744805
"-4.261465,",8.745581
"-4.314160,",8.740677
"-4.372828,",8.733503
"-4.359591,",8.726934
"-4.346372,",8.727645
"-4.311775,",8.733347
"-4.268830,",8.735799
"-4.288243,",8.728279
"-4.314150,",8.72217
"-4.364392,",8.733401
"-4.429336,",8.748568
"-4.556655,",8.760379
"-4.555945,",8.756003
"-4.672469,",8.771134
"-4.709911,",8.770092
"-4.776619,",8.775509
"-4.851840,",8.787664
"-4.897293,",8.778391
"-4.929489,",8.772407
"-4.939454,",8.767187
"-4.950044,",8.765017
"-4.974158,",8.757188
"-4.990737,",8.758316
"-5.014172,",8.758668
"-5.036057,",8.754882
"-5.065033,",8.759923
"-5.087154,",8.753152
"-5.098441,",8.753878
"-5.107270,",8.752655
"-5.123099,",8.753022
"-5.141278,",8.750776
"-5.165985,",8.751272
"-5.178051,",8.754865
"-5.199405,",8.755705
"-5.226282,",8.7573
"-5.244731,",8.757991
"-5.257662,",8.761472
"-5.282282,",8.763845
"-5.301372,",8.764199
"-5.333475,",8.765769
"-5.348045,",8.764849
"-5.375708,",8.768979
"-5.407747,",8.771161
"-5.424400,",8.77445
"-5.445766,",8.774931
"-5.456573,",8.773711
"-5.468867,",8.77665
"-5.498395,",8.775913
"-5.517989,",8.773378
"-5.534810,",8.774101
"-5.551061,",8.773987
"-5.560793,",8.775206
"-5.580639,",8.777608
"-5.598041,",8.774203
"-5.629562,",8.77662
"-5.654285,",8.7741
"-5.690292,",8.763589
"-5.714273,",8.761828
"-5.741772,",8.760468
"-5.770055,",8.765415
"-5.799624,",8.763006
"-5.832196,",8.762783
"-5.847373,",8.760224
"-5.851970,",8.762196
"-5.878737,",8.765271
"-5.906309,",8.763675
"-5.923232,",8.763759
"-5.939698,",8.767874
"-5.953332,",8.760544
"-5.974688,",8.763553
"-5.995101,",8.764877
"-6.019080,",8.768353
"-6.039821,",8.768961
"-6.052664,",8.77193
"-6.073898,",8.777291
"-6.097213,",8.777405
"-6.134726,",8.78096
"-6.159068,",8.78285
"-6.173396,",8.785312
"-6.201269,",8.789344
"-6.219586,",8.790072
"-6.234461,",8.790183
"-6.242617,",8.794929
"-6.274727,",8.797211
"-6.292405,",8.800416
"-6.309359,",8.803109
"-6.317870,",8.803114
"-6.341311,",8.803989
"-6.374310,",8.80458
"-6.403450,",8.805614
"-6.411918,",8.803988
"-6.430087,",8.806857
"-6.458843,",8.80872
"-6.479349,",8.807314
"-6.502284,",8.807179
"-6.512163,",8.810332
"-6.527264,",8.809774
"-6.547694,",8.811011
"-6.591206,",8.814244
"-6.602393,",8.818406
"-6.625110,",8.815202
"-6.644540,",8.815253
"-6.663186,",8.814462
"-6.681622,",8.818763
"-6.702403,",8.820322
"-6.719664,",8.823117
"-6.724862,",8.824115
"-6.761770,",8.82836
"-6.806198,",8.831244
"-6.823919,",8.831713
"-6.851685,",8.830772
"-6.885229,",8.839764
"-6.917502,",8.842638
"-6.923304,",8.839608
"-6.944241,",8.841752
"-6.957574,",8.84706
"-6.981854,",8.853904
"-7.000977,",8.857426
"-7.018863,",8.864311
"-7.040281,",8.865727
"-7.063090,",8.871039
"-7.079754,",8.871953
"-7.098455,",8.871471
"-7.118682,",8.875717
"-7.141006,",8.878629
"-7.151156,",8.879007
"-7.167202,",8.880206
"-7.189653,",8.885876
"-7.209258,",8.887242
"-7.225734,",8.892266
"-7.241462,",8.891924
"-7.265266,",8.900048
"-7.281818,",8.904367
"-7.291751,",8.905722
"-7.298553,",8.912283
"-7.305795,",8.915568
"-7.324668,",8.916928
"-7.358964,",8.913286
"-7.372099,",8.919284
"-7.391407,",8.922204
"-7.408685,",8.92286
"-7.428914,",8.923078
"-7.455603,",8.923843
"-7.480908,",8.924234
"-7.489511,",8.921565
"-7.508842,",8.920099
"-7.533773,",8.916557
"-7.559648,",8.917571
"-7.590171,",8.917846
"-7.624400,",8.925303
"-7.647792,",8.918704
"-7.687057,",8.927153
"-7.732357,",8.931973
"-7.761588,",8.934358
"-7.780908,",8.93434
"-7.802300,",8.934435
"-7.828570,",8.933061
"-7.844933,",8.925803
"-7.867183,",8.923113
"-7.889111,",8.91924
"-7.908606,",8.915351
"-7.934242,",8.907104
"-7.957085,",8.907042
"-7.990224,",8.904412
"-8.005314,",8.903051
"-8.027891,",8.899012
"-8.042638,",8.902645
"-8.064311,",8.904135
"-8.079739,",8.910529
"-8.099115,",8.919742
"-8.124724,",8.909151
"-8.168558,",8.907637
"-8.201004,",8.906543
"-8.238952,",8.907256
"-8.269133,",8.90969
"-8.304485,",8.912391
"-8.318879,",8.914294
"-8.331399,",8.91463
"-8.364464,",8.912845
"-8.384719,",8.914568
"-8.400961,",8.911508
"-8.424862,",8.910227
"-8.440366,",8.911496
"-8.451513,",8.906713
"-8.474794,",8.902082
"-8.494064,",8.900237
"-8.497556,",8.905022
"-8.500750,",8.908432
"-8.518704,",8.912271
"-8.537786,",8.916757
"-8.553266,",8.917932
"-8.563633,",8.919851
"-8.572447,",8.918262
"-8.590749,",8.915646
"-8.613632,",8.917144
"-8.631218,",8.912514
"-8.650278,",8.909894
"-8.667671,",8.907582
"-8.682205,",8.903365
"-8.704518,",8.90149
"-8.724259,",8.900874
"-8.736296,",8.897774
"-8.739780,",8.894202
"-8.761830,",8.889651
"-8.789396,",8.887418
"-8.824537,",8.892826
"-8.845466,",8.891647
"-8.886884,",8.893693
"-8.920238,",8.894616
"-8.945042,",8.893751
"-8.981103,",8.896449
"-9.000388,",8.891967
"-9.015677,",8.886892
"-9.030394,",8.886924
"-9.046079,",8.881664
"-9.068164,",8.881371
"-9.090398,",8.881483
"-9.108917,",8.881072
"-9.131419,",8.885848
"-9.147277,",8.887935
"-9.164635,",8.888505
"-9.185119,",8.891077
"-9.227317,",8.885597
"-9.261630,",8.877598
"-9.297806,",8.875176
"-9.337595,",8.878906
"-9.358935,",8.876286
"-9.385968,",8.879498
"-9.402922,",8.880522
"-9.420151,",8.87662
"-9.433540,",8.875069
"-9.458777,",8.875656
"-9.470357,",8.874197
"-9.490092,",8.880401
"-9.506519,",8.880825
"-9.523189,",8.875252
"-9.542122,",8.872066
"-9.555568,",8.875793
"-9.576103,",8.869724
"-9.593784,",8.865553
"-9.615145,",8.866886
"-9.621071,",8.866845
"-9.637955,",8.870698
"-9.663018,",8.877928
"-9.681421,",8.881371
"-9.707170,",8.882044
"-9.733195,",8.88672
"-9.743889,",8.888577
"-9.752731,",8.885043
"-9.775252,",8.8851
"-9.801249,",8.895958
"-9.815651,",8.898806
"-9.870750,",8.889517
"-9.898639,",8.877841
"-9.918347,",8.873402
"-9.929425,",8.864267
"-9.964169,",8.86314
"-9.984002,",8.861215
"-10.028191,",8.855511
"-10.049517,",8.857746
"-10.058709,",8.859975
"-10.062416,",8.857928
"-10.082360,",8.860569
"-10.096448,",8.861455
"-10.112293,",8.862975
"-10.135861,",8.863673
"-10.152863,",8.869517
"-10.163549,",8.868349
"-10.178188,",8.873101
"-10.196088,",8.870921
"-10.212155,",8.872601
"-10.217874,",8.874797
"-10.238117,",8.875582
"-10.262863,",8.874588
"-10.290080,",8.87717
"-10.306371,",8.878051
"-10.329968,",8.879734
"-10.344966,",8.880573
"-10.359163,",8.882869
"-10.383690,",8.884303
"-10.400176,",8.883683
"-10.414291,",8.881743
"-10.423810,",8.877504
"-10.440092,",8.874211
"-10.456093,",8.877232
"-10.468435,",8.879741
"-10.501710,",8.874489
"-10.520230,",8.869372
"-10.540601,",8.865253
"-10.564211,",8.860528
"-10.584693,",8.856955
"-10.639254,",8.863462
"-10.675213,",8.872452
"-10.707017,",8.873677
"-10.733286,",8.87848
"-10.761809,",8.880423
"-10.781356,",8.87945
"-10.803022,",8.882491
"-10.814626,",8.884698
"-10.829033,",8.883362
"-10.845767,",8.884739
"-10.860947,",8.882219
"-10.881847,",8.885169
"-10.900709,",8.888457
"-10.917281,",8.887686
"-10.934806,",8.886626
"-10.953781,",8.881797
"-10.963531,",8.880929
"-10.999795,",8.882003
"-11.029721,",8.878852
"-11.051465,",8.877568
"-11.077555,",8.876906
"-11.084688,",8.877051
"-11.100171,",8.875335
"-11.145421,",8.873623
"-11.171727,",8.870279
"-11.193634,",8.863385
"-11.212820,",8.856055
"-11.226879,",8.850798
"-11.242145,",8.849714
"-11.292029,",8.848874
"-11.319210,",8.84851
"-11.337363,",8.844295
"-11.358710,",8.843946
"-11.377668,",8.839523
"-11.391550,",8.837883
"-11.403109,",8.832972
"-11.411552,",8.830049
"-11.449572,",8.826118
"-11.474757,",8.82005
"-11.492633,",8.815779
"-11.508019,",8.814036
"-11.521783,",8.811795
"-11.534154,",8.808769
"-11.549137,",8.800221
"-11.560568,",8.794234
"-11.574122,",8.791036
"-11.607038,",8.790313
"-11.627737,",8.783627
"-11.645362,",8.782828
"-11.661288,",8.780836
"-11.678530,",8.777696
"-11.692890,",8.773918
"-11.705606,",8.773931
"-11.759685,",8.76877
"-11.790623,",8.765352
"-11.807838,",8.756722
"-11.824287,",8.753362
"-11.839328,",8.749694
"-11.872082,",8.742694
"-11.893619,",8.740048
"-11.906813,",8.738272
"-11.918342,",8.735155
"-11.931638,",8.732883
"-11.960275,",8.726334
"-11.979848,",8.721082
"-11.997363,",8.71626
"-12.008559,",8.710494
"-12.016555,",8.705889
"-12.043553,",8.69794
"-12.080649,",8.700816
"-12.099227,",8.701228
"-12.113066,",8.700176
"-12.141298,",8.697174
"-12.157315,",8.692494
"-12.167602,",8.688023
"-12.198702,",8.681218
"-12.216020,",8.673321
"-12.226873,",8.666372
"-12.256015,",8.660488
"-12.270864,",8.654844
"-12.282230,",8.649499
"-12.310047,",8.636306
"-12.323127,",8.627286
"-12.349344,",8.609551
"-12.366045,",8.600776
"-12.398984,",8.600288
"-12.429208,",8.592035
"-12.444847,",8.587913
"-12.470221,",8.576453
"-12.482100,",8.565871
"-12.489364,",8.556647
"-12.518214,",8.539257
"-12.529137,",8.525139
"-12.585162,",8.521732
"-12.609163,",8.508875
"-12.620633,",8.492939
"-12.625746,",8.482844
"-12.637140,",8.47372
"-12.640463,",8.466189
"-12.671418,",8.450761
"-12.682442,",8.440125
"-12.715822,",8.43432
"-12.730718,",8.425002
"-12.743878,",8.413839
"-12.755047,",8.407243
"-12.766474,",8.397788
"-12.783351,",8.383689
"-12.799795,",8.369584
"-12.812105,",8.353152
"-12.839299,",8.337013
"-12.863533,",8.322908
"-12.871750,",8.318323
"-12.891519,",8.309999
"-12.916118,",8.299214
"-12.943489,",8.289652
"-12.966325,",8.284634
"-12.993976,",8.278965
"-13.003993,",8.265716
"-13.017709,",8.25402
"-13.029698,",8.248691
"-13.049778,",8.238865
"-13.069197,",8.227937
"-13.083797,",8.210924
"-13.091438,",8.194594
"-13.097059,",8.174388
"-13.114154,",8.167115
"-13.133679,",8.165595
"-13.147135,",8.163616
"-13.154247,",8.173141
"-13.164943,",8.14071
"-13.178828,",8.113484
"-13.194657,",8.08879
"-13.218882,",8.067561
"-13.225167,",8.049663
"-13.230803,",8.035585
"-13.243230,",8.030601
"-13.262910,",7.992893
"-13.280299,",7.950846
"-13.299713,",7.928521
"-13.312138,",7.917385
"-13.326891,",7.893168
"-13.350596,",7.86659
"-13.362970,",7.853639
"-13.383204,",7.846379
"-13.401047,",7.838969
"-13.400180,",7.827179
"-13.411889,",7.814541
"-13.420980,",7.806564
"-13.424220,",7.793431
"-13.432388,",7.776567
"-13.441403,",7.75852
"-13.459131,",7.750761
"-13.468705,",7.727677
"-13.471354,",7.724921
"-13.486871,",7.726128
"-13.472306,",7.686518
"-13.488791,",7.655538
"-13.501656,",7.634639
"-13.515619,",7.615247
"-13.528690,",7.581048
"-13.554213,",7.554151
"-13.567851,",7.539772
"-13.551801,",7.505865
"-13.540055,",7.484282
"-13.540275,",7.467089
"-13.549009,",7.455331
"-13.566194,",7.443175
"-13.603473,",7.439684
"-13.610357,",7.427195
"-13.618725,",7.414386
"-13.628923,",7.401549
"-13.635559,",7.394845
"-13.636636,",7.380558
"-13.639032,",7.369202
"-13.620638,",7.337395
"-13.619101,",7.317044
"-13.634881,",7.294669
"-13.661466,",7.266106
"-13.688638,",7.237368
"-13.703084,",7.219842
"-13.709845,",7.198439
"-13.711081,",7.180773
"-13.736456,",7.168156
"-13.748760,",7.147105
"-13.716971,",7.113675
"-13.693996,",7.083965
"-13.693464,",7.062738
"-13.711002,",7.040928
"-13.726691,",7.015337
"-13.755227,",6.992105
"-13.771888,",6.967917
"-13.777442,",6.946318
"-13.783162,",6.934926
"-13.768133,",6.890224
"-13.771376,",6.864684
"-13.780377,",6.841015
"-13.782567,",6.816055
"-13.778522,",6.79336
"-13.780710,",6.777195
"-13.774014,",6.763765
"-13.777114,",6.748578
"-13.782172,",6.737851
"-13.783950,",6.718102
"-13.778981,",6.693786
"-13.781057,",6.666277
"-13.784659,",6.647438
"-13.788163,",6.624028
"-13.805656,",6.608508
"-13.812261,",6.596285
"-13.822639,",6.581608
"-13.796488,",6.543003
"-13.786185,",6.514628
"-13.789874,",6.486231
"-13.788080,",6.466299
"-13.790256,",6.452134
"-13.803744,",6.442112
"-13.817584,",6.437168
"-13.801053,",6.40181
"-13.787718,",6.377537
"-13.788433,",6.358631
"-13.795412,",6.350235
"-13.812972,",6.309119
"-13.851486,",6.276964
"-13.873787,",6.25949
"-13.883191,",6.244011
"-13.878924,",6.224395
"-13.876341,",6.206843
"-13.877184,",6.191573
"-13.855445,",6.169083
"-13.848810,",6.149603
"-13.856247,",6.139673
"-13.851023,",6.125406
"-13.836580,",6.06755
"-13.830152,",6.03512
"-13.829383,",6.013052
"-13.833959,",5.998279
"-13.857507,",5.977797
"-13.861493,",5.96658
"-13.833059,",5.936978
"-13.846043,",5.894614
"-13.850501,",5.874749
"-13.848911,",5.856212
"-13.854046,",5.846601
"-13.820010,",5.819892
"-13.808037,",5.799127
"-13.804564,",5.781587
"-13.794301,",5.769008
"-13.795001,",5.730851
"-13.798244,",5.709708
"-13.798568,",5.69214
"-13.803049,",5.677119
"-13.806910,",5.662706
"-13.790908,",5.6391
"-13.797223,",5.608336
"-13.805140,",5.59073
"-13.793275,",5.565648
"-13.790476,",5.547483
"-13.780241,",5.535213
"-13.785763,",5.494938
"-13.795718,",5.474935
"-13.797014,",5.444984
"-13.793620,",5.425495
"-13.802976,",5.412429
"-13.811107,",5.374903
"-13.825201,",5.354603
"-13.826363,",5.328603
"-13.831019,",5.310452
"-13.842509,",5.287266
"-13.843533,",5.259673
"-13.840595,",5.243851
"-13.831095,",5.218966
"-13.826538,",5.188439
"-13.836554,",5.159279
"-13.848087,",5.150063
"-13.850677,",5.147497
"-13.842436,",5.11718
"-13.824591,",5.083896
"-13.830624,",5.047539
"-13.825129,",5.01558
"-13.830723,",4.984684
"-13.826936,",4.956374
"-13.820161,",4.923987
"-13.815243,",4.889444
"-13.812510,",4.858041
"-13.809181,",4.831125
"-13.808049,",4.801251
"-13.799201,",4.772426
"-13.804485,",4.747247
"-13.803826,",4.724346
"-13.804816,",4.703264
"-13.804609,",4.678363
"-13.801651,",4.657255
"-13.803619,",4.634747
"-13.802577,",4.613796
"-13.812849,",4.587052
"-13.812556,",4.565424
"-13.809745,",4.548014
"-13.812919,",4.521527
"-13.809370,",4.498069
"-13.813948,",4.47145
"-13.813371,",4.46306
"-13.806299,",4.450915
"-13.805525,",4.437147
"-13.810005,",4.412057
"-13.792921,",4.38137
"-13.782512,",4.357168
"-13.776275,",4.332404
"-13.770465,",4.311262
"-13.769014,",4.29681
"-13.776130,",4.273666
"-13.785359,",4.253387
"-13.792209,",4.228592
"-13.795772,",4.214045
"-13.796678,",4.199964
"-13.795455,",4.182408
"-13.796607,",4.171516
"-13.791776,",4.159246
"-13.796440,",4.146182
"-13.799005,",4.124949
"-13.798753,",4.102949
"-13.801323,",4.083549
"-13.806540,",4.064479
"-13.797315,",4.048031
"-13.800468,",4.025024
"-13.799112,",4.001978
"-13.807818,",3.982653
"-13.815965,",3.958681
"-13.821196,",3.938497
"-13.825628,",3.920225
"-13.818154,",3.908955
"-13.814797,",3.889876
"-13.819883,",3.860849
"-13.823732,",3.822727
"-13.828916,",3.804981
"-13.822267,",3.780817
"-13.823162,",3.749913
"-13.828807,",3.726606
"-13.835482,",3.703895
"-13.856248,",3.687666
"-13.849525,",3.672564
"-13.869733,",3.648332
"-13.870236,",3.629106
"-13.866863,",3.608559
"-13.871565,",3.578359
"-13.864862,",3.55207
"-13.870212,",3.535473
"-13.879667,",3.505013
"-13.882364,",3.477422
"-13.889642,",3.452319
"-13.889606,",3.42112
"-13.887325,",3.400406
"-13.888549,",3.386325
"-13.896777,",3.377874
"-13.894543,",3.364285
"-13.893549,",3.336675
"-13.894886,",3.320049
"-13.890606,",3.282666
"-13.889701,",3.261816
"-13.891263,",3.248168
"-13.887091,",3.233548
"-13.885390,",3.216858
"-13.897103,",3.165941
"-13.901254,",3.115324
"-13.909744,",3.061408
"-13.910429,",3.016921
"-13.912542,",2.972751
"-13.911267,",2.939367
"-13.905819,",2.912305
"-13.903982,",2.887149
"-13.904607,",2.857721
"-13.896178,",2.832999
"-13.895896,",2.813813
"-13.891675,",2.801303
"-13.893443,",2.778822
"-13.894179,",2.763632
"-13.894717,",2.746102
"-13.892564,",2.72666
"-13.887005,",2.712429
"-13.886190,",2.69899
"-13.889399,",2.688884
"-13.896738,",2.680041
"-13.896358,",2.670319
"-13.916103,",2.619449
"-13.923311,",2.569813
"-13.922010,",2.537433
"-13.926233,",2.506257
"-13.923305,",2.477189
"-13.924247,",2.461518
"-13.923083,",2.441311
"-13.911414,",2.425236
"-13.911542,",2.408894
"-13.909071,",2.3928
"-13.898610,",2.378547
"-13.902501,",2.369123
"-13.900186,",2.356127
"-13.891880,",2.358893
"-13.885302,",2.353365
"-13.887978,",2.349039
"-13.909721,",2.292829
"-13.920478,",2.249455
"-13.917066,",2.217961
"-13.914533,",2.184864
"-13.907035,",2.164732
"-13.903257,",2.144289
"-13.911566,",2.128804
"-13.913649,",2.106298
"-13.903121,",2.08616
"-13.901356,",2.061225
"-13.892812,",2.043526
"-13.874159,",2.01453
"-13.871332,",1.99135
"-13.863170,",1.970689
"-13.856436,",1.953997
"-13.868748,",1.938621
"-13.882139,",1.922903
"-13.891786,",1.910122
"-13.889962,",1.895813
"-13.890442,",1.884021
"-13.890866,",1.874566
"-13.884622,",1.863633
"-13.879835,",1.847403
"-13.870925,",1.824144
"-13.869166,",1.813301
"-13.889469,",1.7804
"-13.896004,",1.751946
"-13.900186,",1.729974
"-13.899852,",1.698769
"-13.899095,",1.682278
"-13.893003,",1.661617
"-13.878238,",1.642996
"-13.868766,",1.627705
"-13.865126,",1.610691
"-13.860572,",1.595488
"-13.859386,",1.582955
"-13.854620,",1.561252
"-13.837089,",1.547858
"-13.828298,",1.531085
"-13.826821,",1.510372
"-13.824144,",1.495357
"-13.823928,",1.48147
"-13.835660,",1.435831
"-13.835168,",1.389062
"-13.830540,",1.362949
"-13.829270,",1.34074
"-13.828190,",1.320647
"-13.832606,",1.304551
"-13.827381,",1.287661
"-13.827316,",1.269912
"-13.823989,",1.248136
"-13.820070,",1.234211
"-13.803742,",1.206103
"-13.779944,",1.190013
"-13.768369,",1.182257
"-13.763144,",1.172571
"-13.758648,",1.154602
"-13.748396,",1.140546
"-13.745173,",1.129002
"-13.734179,",1.113497
"-13.721705,",1.096742
"-13.715944,",1.084353
"-13.708576,",1.069848
"-13.705624,",1.026757
"-13.702539,",0.988323
"-13.696171,",0.963271
"-13.681331,",0.942571
"-13.669451,",0.924895
"-13.656549,",0.912942
"-13.631671,",0.897886
"-13.625339,",0.887102
"-13.617695,",0.878806
"-13.596728,",0.863744
"-13.598236,",0.830685
"-13.589342,",0.80705
"-13.589417,",0.791537
"-13.577156,",0.781364
"-13.562601,",0.771012
"-13.541293,",0.759797
"-13.531959,",0.726056
"-13.516075,",0.702661
"-13.507947,",0.687772
"-13.496297,",0.679721
"-13.490288,",0.66985
"-13.476285,",0.649503
"-13.450283,",0.642699
"-13.430245,",0.638588
"-13.417868,",0.619742
"-13.409673,",0.589295
"-13.398290,",0.571803
"-13.392913,",0.552541
"-13.371780,",0.538319
"-13.362505,",0.531273
"-13.345996,",0.517183
"-13.324300,",0.495503
"-13.311133,",0.480564
"-13.292353,",0.466697
"-13.265708,",0.449059
"-13.252807,",0.439175
"-13.235206,",0.427075
"-13.224209,",0.411578
"-13.218093,",0.394195
"-13.214570,",0.373476
"-13.195396,",0.352255
"-13.180056,",0.336927
"-13.159638,",0.323883
"-13.136920,",0.312019
"-13.127985,",0.301269
"-13.112167,",0.278207
"-13.085448,",0.255805
"-13.070257,",0.239469
"-13.056396,",0.219327
"-13.046410,",0.202587
"-13.037336,",0.19971
"-13.025379,",0.196165
"-13.020787,",0.190297
"-13.015425,",0.164387
"-12.993570,",0.153084
"-12.982268,",0.128975
"-12.952520,",0.112315
"-12.930830,",0.09771
"-12.919235,",0.080401
"-12.913885,",0.065912
"-12.904838,",0.054406
"-12.878262,",0.032908
"-12.856974,",0.013025
"-12.839115,",0.00338
"-12.830926,",-0.012736
"-12.798046,",-0.01685
"-12.777578,",-0.027288
"-12.741655,",-0.044513
"-12.721362,",-0.056525
"-12.701394,",-0.074506
"-12.681643,",-0.08673
"-12.671161,",-0.093758
"-12.659892,",-0.098815
"-12.640866,",-0.110856
"-12.613450,",-0.115695
"-12.600830,",-0.123685
"-12.589120,",-0.13564
"-12.562607,",-0.145833
"-12.534506,",-0.170014
"-12.507793,",-0.179965
"-12.508298,",-0.192654
"-12.481322,",-0.210268
"-12.471469,",-0.216149
"-12.450009,",-0.232042
"-12.394191,",-0.247844
"-12.351479,",-0.259205
"-12.318722,",-0.272184
"-12.285899,",-0.281628
"-12.269415,",-0.288315
"-12.252983,",-0.294497
"-12.229121,",-0.304403
"-12.214892,",-0.316052
"-12.208986,",-0.324899
"-12.201910,",-0.331684
"-12.188948,",-0.34064
"-12.176229,",-0.341768
"-12.168266,",-0.342308
"-12.135206,",-0.351382
"-12.121064,",-0.361867
"-12.109938,",-0.362134
"-12.123096,",-0.36007
"-12.106616,",-0.364752
"-12.090920,",-0.370362
"-12.064495,",-0.376259
"-12.046690,",-0.381958
"-12.039168,",-0.382152
"-12.014771,",-0.386859
"-11.992164,",-0.386514
"-11.951797,",-0.386135
"-11.928068,",-0.385043
"-11.905090,",-0.384824
"-11.872031,",-0.385559
"-11.860691,",-0.388979
"-11.865656,",-0.393554
"-11.849441,",-0.393802
"-11.833060,",-0.394559
"-11.808068,",-0.390185
"-11.771914,",-0.395367
"-11.769420,",-0.391048
"-11.763958,",-0.385501
"-11.762985,",-0.38653
"-11.743346,",-0.388415
"-11.742103,",-0.385235
"-11.725185,",-0.383423
"-11.722686,",-0.380778
"-11.686089,",-0.377937
"-11.642456,",-0.375377
"-11.643144,",-0.370604
"-11.623999,",-0.363011
"-11.609416,",-0.361496
"-11.612600,",-0.363885
"-11.638081,",-0.365053
"-11.617704,",-0.363788
"-11.600478,",-0.366627
"-11.570995,",-0.368171
"-11.539760,",-0.364636
"-11.534424,",-0.363095
"-11.507059,",-0.355634
"-11.485211,",-0.348141
"-11.452799,",-0.347025
"-11.423438,",-0.347799
"-11.416216,",-0.343555
"-11.414892,",-0.340248
"-11.386506,",-0.335262
"-11.371959,",-0.336826
"-11.349903,",-0.33742
"-11.356205,",-0.332304
"-11.316895,",-0.325493
"-11.292910,",-0.328123
"-11.245027,",-0.327004
"-11.240620,",-0.329834
"-11.223506,",-0.326991
"-11.175358,",-0.325431
"-11.170039,",-0.325946
"-11.158589,",-0.323057
"-11.142540,",-0.32019
"-11.137128,",-0.31909
"-11.170158,",-0.319111
"-11.133645,",-0.318232
"-11.153095,",-0.310834
"-11.181197,",-0.308106
"-11.184048,",-0.301906
"-11.162243,",-0.300784
"-11.132126,",-0.29244
"-11.073233,",-0.289434
"-11.035436,",-0.287418
"-10.973114,",-0.290024
"-10.956837,",-0.289468
"-10.995666,",-0.280078
"-10.992493,",-0.277252
"-10.988775,",-0.277236
"-10.996677,",-0.274058
"-10.920715,",-0.279869
"-10.905830,",-0.275865
"-10.872315,",-0.281767
"-10.847980,",-0.287128
"-10.783439,",-0.282162
"-10.770979,",-0.275693
"-10.833304,",-0.26976
"-10.835727,",-0.261335
"-10.805273,",-0.265404
"-10.801765,",-0.266869
"-10.772830,",-0.271366
"-10.733244,",-0.263918
"-10.698427,",-0.261835
"-10.680468,",-0.257093
"-10.630848,",-0.257583
"-10.631144,",-0.260895
"-10.611246,",-0.266024
"-10.614724,",-0.269899
"-10.630203,",-0.270837
"-10.534428,",-0.267576
"-10.550967,",-0.271142
"-10.493006,",-0.27095
"-10.502357,",-0.271578
"-10.457429,",-0.271841
"-10.392569,",-0.269846
"-10.392743,",-0.272717
"-10.372533,",-0.273425
"-10.353777,",-0.270376
"-10.338674,",-0.270374
"-10.307963,",-0.26832
"-10.298596,",-0.267891
"-10.238053,",-0.266118
"-10.186352,",-0.271663
"-10.178008,",-0.260258
"-10.178127,",-0.256899
"-10.147282,",-0.254579
"-10.125334,",-0.258849
"-10.106833,",-0.261517
"-10.083356,",-0.257123
"-10.070114,",-0.257075
"-10.075051,",-0.256991
"-10.066279,",-0.25965
"-10.051435,",-0.266552
"-10.011233,",-0.270963
"-10.011142,",-0.268698
"-9.979813,",-0.270758
"-9.965548,",-0.27183
"-9.924073,",-0.269551
"-9.834726,",-0.275217
"-9.841478,",-0.276929
"-9.828795,",-0.271117
"-9.808015,",-0.268712
"-9.807245,",-0.264381
"-9.832988,",-0.262599
"-9.812702,",-0.261842
"-9.812885,",-0.260891
"-9.767277,",-0.257716
"-9.735763,",-0.254182
"-9.708487,",-0.255463
"-9.667015,",-0.251991
"-9.634415,",-0.251015
"-9.590754,",-0.25292
"-9.483203,",-0.250876
"-9.555762,",-0.254317
"-9.486846,",-0.255853
"-9.519697,",-0.257194
"-9.539255,",-0.256822
"-9.488528,",-0.254494
"-9.484183,",-0.260518
"-9.463249,",-0.262925
"-9.411163,",-0.264887
"-9.385184,",-0.261077
"-9.326429,",-0.267472
"-9.245570,",-0.26656
"-9.255194,",-0.269961
"-9.265294,",-0.267531
"-9.229192,",-0.264344
"-9.215677,",-0.268139
"-9.250723,",-0.269723
"-9.231146,",-0.268314
"-9.188748,",-0.267931
"-9.125985,",-0.264863
"-9.126281,",-0.267684
"-9.089255,",-0.270407
"-9.072858,",-0.276316
"-9.038266,",-0.277539
"-9.026729,",-0.277775
"-9.021758,",-0.275219
"-9.045662,",-0.276463
"-9.121231,",-0.274911
"-9.137070,",-0.275364
"-9.102336,",-0.27428
"-9.014231,",-0.279194
"-9.049770,",-0.2848
"-9.045474,",-0.285281
"-8.936482,",-0.29236
"-8.947336,",-0.294378
"-8.868690,",-0.294357
"-8.842711,",-0.295399
"-8.833778,",-0.295931
"-8.802381,",-0.298566
"-8.763062,",-0.291697
"-8.707986,",-0.289395
"-8.643593,",-0.284281
"-8.663873,",-0.282995
"-8.661058,",-0.279658
"-8.691389,",-0.281605
"-8.699674,",-0.286544
"-8.678906,",-0.293096
"-8.619375,",-0.299765
"-8.622036,",-0.300283
"-8.552747,",-0.308173
"-8.565489,",-0.313724
"-8.446154,",-0.319596
"-8.447613,",-0.329793
"-8.527499,",-0.330002
"-8.427947,",-0.328955
"-8.325353,",-0.325636
"-8.322951,",-0.32621
"-8.338439,",-0.328333
"-8.346547,",-0.329199
"-8.306844,",-0.335129
"-8.384677,",-0.336384
"-8.387007,",-0.340084
"-8.319220,",-0.340394
"-8.354260,",-0.341911
"-8.346555,",-0.346119
"-8.348812,",-0.349118
"-8.253598,",-0.342681
"-8.191369,",-0.336228
"-8.131074,",-0.331784
"-8.143545,",-0.33639
"-8.110955,",-0.341444
"-8.171273,",-0.334721
"-8.180878,",-0.33521
"-8.120490,",-0.335783
"-8.112482,",-0.334251
"-8.077063,",-0.334503
"-8.030521,",-0.334764
"-7.960454,",-0.336076
"-7.942209,",-0.335578
"-7.888781,",-0.346466
"-7.863117,",-0.34349
"-7.941240,",-0.3406
"-7.972280,",-0.337759
"-7.887343,",-0.339361
"-7.883202,",-0.341372
"-7.816902,",-0.341077
"-7.873699,",-0.338608
"-7.831805,",-0.336044
"-7.871097,",-0.336887
"-7.844564,",-0.33601
"-7.696307,",-0.33404
"-7.694256,",-0.331485
"-7.695877,",-0.333092
"-7.748340,",-0.336855
"-7.792979,",-0.336552
"-7.854258,",-0.34342
"-7.725729,",-0.34243
"-7.696852,",-0.332126
"-7.620126,",-0.330087
"-7.655020,",-0.327621
"-7.700656,",-0.325809
"-7.802521,",-0.332113
"-7.740307,",-0.332415
"-7.743703,",-0.336233
"-7.748519,",-0.335249
"-7.851532,",-0.334061
"-7.848016,",-0.332707
"-7.811209,",-0.335985
"-7.783922,",-0.333124
"-7.759041,",-0.328733
"-7.693480,",-0.327645
"-7.731016,",-0.328752
"-7.776025,",-0.328755
"-7.780635,",-0.327856
"-7.810670,",-0.330562
"-7.766481,",-0.328374
"-7.768528,",-0.33198
"-7.729186,",-0.329726
"-7.747952,",-0.329174
"-7.734947,",-0.328094
"-7.698610,",-0.330634
"-7.658280,",-0.330509
"-7.615222,",-0.326933
"-7.538786,",-0.326721
"-7.509669,",-0.325456
"-7.534274,",-0.32384
"-7.550400,",-0.323101
"-7.522864,",-0.32207
"-7.489159,",-0.326127
"-7.462280,",-0.326733
"-7.456731,",-0.324268
"-7.486236,",-0.319776
"-7.489453,",-0.317927
"-7.532813,",-0.312412
"-7.538722,",-0.311617
"-7.563361,",-0.315356
"-7.564367,",-0.316842
"-7.587202,",-0.314103
"-7.532990,",-0.312956
"-7.523327,",-0.312699
"-7.491508,",-0.312638
"-7.504987,",-0.315088
"-7.503882,",-0.312074
"-7.486581,",-0.309214
"-7.427409,",-0.311261
"-7.342286,",-0.306463
"-7.352165,",-0.305702
"-7.241570,",-0.303909
"-7.174451,",-0.302987
"-7.176419,",-0.314392
"-7.174118,",-0.323455
"-7.136984,",-0.316107
"-7.058897,",-0.316466
"-6.966125,",-0.320175
"-6.905395,",-0.324453
"-6.966308,",-0.32212
"-6.989169,",-0.326036
"-6.940177,",-0.326264
"-6.947047,",-0.328749
"-6.914338,",-0.335752
"-6.848772,",-0.336758
"-6.838275,",-0.337889
"-6.891128,",-0.335042
"-6.880827,",-0.333062
"-6.888583,",-0.335906
"-6.857791,",-0.329881
"-6.844771,",-0.326523
"-6.849423,",-0.317896
"-6.782210,",-0.312287
"-6.782990,",-0.306475
"-6.729590,",-0.298498
"-6.828692,",-0.297068
"-6.781445,",-0.293433
"-6.843892,",-0.291853
"-6.806513,",-0.292147
"-6.875623,",-0.289212
"-6.808144,",-0.291741
"-6.823262,",-0.296242
"-6.823720,",-0.29166
"-6.779062,",-0.290565
"-6.709107,",-0.290985
"-6.710581,",-0.295554
"-6.698760,",-0.302595
"-6.741045,",-0.300791
"-6.661058,",-0.299706
"-6.642443,",-0.308364
"-6.697488,",-0.313519
"-6.651482,",-0.313525
"-6.645582,",-0.307344
"-6.653544,",-0.306538
"-6.650528,",-0.310547
"-6.671493,",-0.317412
"-6.673374,",-0.321445
"-6.623919,",-0.323532
"-6.618695,",-0.322624
"-6.619596,",-0.322952
"-6.696306,",-0.317867
"-6.690297,",-0.316309
"-6.607072,",-0.317387
"-6.564686,",-0.318316
"-6.618006,",-0.318458
"-6.476011,",-0.31828
"-6.455165,",-0.31953
"-6.415454,",-0.319406
"-6.367646,",-0.325238
"-6.397226,",-0.329659
"-6.430135,",-0.327703
"-6.415233,",-0.330921
"-6.370492,",-0.330486
"-6.442791,",-0.334655
"-6.462989,",-0.337895
"-6.449264,",-0.338787
"-6.439418,",-0.339453
"-6.389317,",-0.340145
"-6.358057,",-0.341532
"-6.306340,",-0.342772
"-6.272388,",-0.336313
"-6.285978,",-0.335905
"-6.305647,",-0.336391
"-6.265985,",-0.333317
"-6.266993,",-0.330558
"-6.202493,",-0.333342
"-6.121858,",-0.333576
"-6.130664,",-0.334093
"-6.152996,",-0.338956
"-6.048473,",-0.335914
"-6.016232,",-0.335282
"-6.066796,",-0.336887
"-6.100955,",-0.339167
"-6.097013,",-0.341328
"-5.978083,",-0.33984
"-6.013507,",-0.340392
"-6.048389,",-0.341688
"-6.044858,",-0.345089
"-6.021026,",-0.341775
"-6.065787,",-0.342998
"-5.948310,",-0.337374
"-5.890230,",-0.332867
"-5.907475,",-0.333821
"-5.888311,",-0.335851
"-5.922649,",-0.335821
"-5.941543,",-0.338095
"-5.905069,",-0.342639
"-5.967056,",-0.33439
"-5.991837,",-0.33036
"-6.039575,",-0.331343
"-5.946741,",-0.335009
"-5.910248,",-0.331036
"-5.917515,",-0.3357
"-5.953113,",-0.340012
"-5.918636,",-0.339228
"-5.898299,",-0.341962
"-5.856863,",-0.339745
"-5.872593,",-0.341072
"-5.869139,",-0.341869
"-5.846832,",-0.344268
"-5.811736,",-0.344773
"-5.821371,",-0.344811
"-5.832721,",-0.350163
"-5.721893,",-0.350873
"-5.631130,",-0.346553
"-5.653904,",-0.34383
"-5.592381,",-0.344381
"-5.522506,",-0.344541
"-5.495622,",-0.342975
"-5.390339,",-0.342985
"-5.412041,",-0.339882
"-5.384474,",-0.341636
"-5.294392,",-0.347182
"-5.173780,",-0.349128
"-5.131556,",-0.347917
"-5.154971,",-0.353505
"-5.135699,",-0.352289
"-5.041877,",-0.35546
"-5.033129,",-0.354947
"-4.953200,",-0.354896
"-4.911807,",-0.35916
"-4.843473,",-0.357954
"-4.893706,",-0.358561
"-4.837158,",-0.359333
"-4.834382,",-0.359694
"-4.830099,",-0.357345
"-4.767225,",-0.357954
"-4.753069,",-0.355422
"-4.658542,",-0.352518
"-4.639821,",-0.349592
"-4.606688,",-0.349291
"-4.510753,",-0.35359
"-4.538831,",-0.351159
"-4.543338,",-0.346445
"-4.572758,",-0.349575
"-4.604903,",-0.351737
"-4.490224,",-0.35037
"-4.466274,",-0.35385
"-4.430085,",-0.353581
"-4.343078,",-0.354204
"-4.352489,",-0.355336
"-4.340138,",-0.354199
"-4.398811,",-0.349155
"-4.341543,",-0.347358
"-4.255712,",-0.345934
"-4.304423,",-0.347698
"-4.296241,",-0.352039
"-4.333379,",-0.34819
"-4.281718,",-0.348882
"-4.188586,",-0.352988
"-4.230536,",-0.355685
"-4.165617,",-0.35093
"-4.208884,",-0.348764
"-4.157279,",-0.347132
"-4.097770,",-0.345473
"-4.073569,",-0.343793
"-4.009123,",-0.347308
"-3.892102,",-0.348928
"-3.839605,",-0.348663
"-3.746724,",-0.349793
"-3.678848,",-0.351447
"-3.656826,",-0.352067
"-3.584095,",-0.35371
"-3.570540,",-0.3553
"-3.624679,",-0.350609
"-3.667188,",-0.350334
"-3.673665,",-0.354871
"-3.722368,",-0.359097
"-3.716977,",-0.353602
"-3.808254,",-0.355826
"-3.750215,",-0.36258
"-3.882780,",-0.365954
"-3.909148,",-0.364985
"-3.906677,",-0.35962
"-3.973584,",-0.36746
"-3.936964,",-0.369062
"-3.815953,",-0.369298
"-3.817543,",-0.367811
"-3.716365,",-0.367329
"-3.730578,",-0.367374
"-3.825527,",-0.364372
"-3.824267,",-0.369937
"-3.795958,",-0.362204
"-3.849579,",-0.353858
"-3.861907,",-0.348656
"-3.811374,",-0.34976
"-3.838151,",-0.34899
"-3.753766,",-0.348421
"-3.592582,",-0.339442
"-3.581209,",-0.341338
"-3.571931,",-0.343583
"-3.573478,",-0.341661
"-3.580989,",-0.341833
"-3.681564,",-0.350447
"-3.704031,",-0.355683
"-3.706529,",-0.354612
"-3.704190,",-0.354367
"-3.681489,",-0.357139
"-3.719682,",-0.354008
"-3.713734,",-0.360803
"-3.659729,",-0.366844
"-3.617316,",-0.375064
"-3.555281,",-0.378452
"-3.543941,",-0.381863
"-3.610238,",-0.382343
"-3.514493,",-0.383755
"-3.539340,",-0.38838
"-3.480112,",-0.386891
"-3.421573,",-0.389377
"-3.413078,",-0.393732
"-3.370267,",-0.396807
"-3.348113,",-0.398406
"-3.351231,",-0.397366
"-3.402484,",-0.403657
"-3.348578,",-0.402641
"-3.309495,",-0.399849
"-3.307390,",-0.395765
"-3.272243,",-0.399455
"-3.270146,",-0.399701
"-3.256751,",-0.399612
"-3.195051,",-0.403718
"-3.168626,",-0.400409
"-3.197765,",-0.404026
"-3.150817,",-0.4053
"-3.093769,",-0.405597
"-3.057474,",-0.401043
"-3.016407,",-0.40041
"-2.850237,",-0.401518
"-2.844717,",-0.406302
"-2.807333,",-0.410509
"-2.784900,",-0.413781
"-2.834731,",-0.413624
"-2.765065,",-0.415632
"-2.724697,",-0.417413
"-2.647182,",-0.413946
"-2.604747,",-0.415
"-2.610466,",-0.415564
"-2.679546,",-0.422838
"-2.676826,",-0.424368
"-2.651539,",-0.42404
"-2.616385,",-0.427982
"-2.514775,",-0.42632
"-2.513578,",-0.424661
"-2.512171,",-0.424053
"-2.561128,",-0.421628
"-2.500266,",-0.421648
"-2.512552,",-0.420202
"-2.462950,",-0.418244
"-2.378453,",-0.414436
"-2.409400,",-0.42028
"-2.361466,",-0.423021
"-2.354569,",-0.424289
"-2.316850,",-0.428362
"-2.349972,",-0.4276
"-2.292411,",-0.429546
"-2.211539,",-0.432198
"-2.140024,",-0.429392
"-2.145356,",-0.430148
"-2.069888,",-0.4276
"-2.065436,",-0.432327
"-2.069879,",-0.434342
"-2.031780,",-0.436641
"-1.930813,",-0.439183
"-1.932565,",-0.437078
"-1.879300,",-0.437312
"-1.852657,",-0.437403
"-1.794594,",-0.43876
"-1.785463,",-0.437451
"-1.780970,",-0.435194
"-1.681355,",-0.432108
"-1.637303,",-0.433948
"-1.715384,",-0.434541
"-1.719118,",-0.431723
"-1.676299,",-0.432171
"-1.622815,",-0.428343
"-1.701137,",-0.427134
"-1.661005,",-0.424257
"-1.618198,",-0.420387
"-1.567039,",-0.42064
"-1.595621,",-0.425358
"-1.484707,",-0.429349
"-1.510482,",-0.429951
"-1.434578,",-0.432993
"-1.458427,",-0.430826
"-1.512509,",-0.431228
"-1.519428,",-0.431365
"-1.485403,",-0.432672
"-1.360153,",-0.432047
"-1.341797,",-0.429527
"-1.387135,",-0.430845
"-1.241247,",-0.429247
"-1.218852,",-0.427439
"-1.148592,",-0.428705
"-1.092019,",-0.431635
"-1.109097,",-0.428174
"-1.052802,",-0.427328
"-0.983182,",-0.427831
"-0.908949,",-0.430226
"-0.899688,",-0.430599
"-0.905947,",-0.42958
"-0.874442,",-0.42766
"-0.833611,",-0.426034
"-0.793819,",-0.427111
"-0.714173,",-0.425813
"-0.666488,",-0.429124
"-0.541287,",-0.436128
"-0.443945,",-0.433083
"-0.395520,",-0.43118
"-0.303232,",-0.436742
"-0.276014,",-0.436523
"-0.156142,",-0.435747
"-0.189893,",-0.439103
"-0.155035,",-0.441464
"-0.132367,",-0.444654
"-0.138546,",-0.447063
"-0.022680,",-0.450919
"0.012758,",-0.453066
"0.085870,",-0.451559
"0.095737,",-0.455481
"0.078590,",-0.456245
"0.178099,",-0.45687
"0.191824,",-0.45197
"0.266631,",-0.454247
"0.270460,",-0.461117
"0.333022,",-0.462328
"0.318133,",-0.465816
"0.394515,",-0.465253
"0.396815,",-0.467817
"0.503089,",-0.471453
"0.562804,",-0.470312
"0.557385,",-0.470959
"0.585025,",-0.469909
"0.637918,",-0.474141
"0.712601,",-0.471111
"0.721982,",-0.471866
"0.781827,",-0.472765
"0.795776,",-0.471383
"0.800958,",-0.471093
"0.860904,",-0.476762
"0.853894,",-0.478242
"0.842781,",-0.478952
"0.854668,",-0.47916
"0.950498,",-0.482481
"0.949433,",-0.485057
"0.961016,",-0.490049
"0.976129,",-0.490617
"1.016596,",-0.4935
"1.022349,",-0.49813
"1.090347,",-0.49612
"1.084190,",-0.496972
"1.106704,",-0.499247
"1.131841,",-0.500153
"1.134110,",-0.500786
"1.205115,",-0.501719
"1.192905,",-0.505438
"1.196903,",-0.504679
"1.219308,",-0.506042
"1.220139,",-0.503278
"1.258450,",-0.504446
"1.249486,",-0.504388
"1.285364,",-0.510925
"1.328617,",-0.512359
"1.326357,",-0.517545
"1.360315,",-0.521614
"1.412360,",-0.521037
"1.429626,",-0.518586
"1.489395,",-0.520666
"1.515657,",-0.521199
"1.527492,",-0.524828
"1.566477,",-0.519024
"1.548716,",-0.51514
"1.547457,",-0.517396
"1.560301,",-0.520361
"1.527920,",-0.531043
"1.562460,",-0.540441
"1.596704,",-0.538734
"1.609807,",-0.541152
"1.605074,",-0.538339
"1.595681,",-0.532085
"1.610517,",-0.534188
"1.651959,",-0.533412
"1.714110,",-0.525658
"1.739052,",-0.520574
"1.783950,",-0.514627
"1.864342,",-0.509584
"1.910089,",-0.50427
"1.989228,",-0.497549
"2.050209,",-0.498191
"2.096243,",-0.492707
"2.161158,",-0.50139
"2.216861,",-0.510993
"2.286415,",-0.518008
"2.308467,",-0.528288
"2.353400,",-0.533888
"2.417822,",-0.537992
"2.473234,",-0.530559
"2.537595,",-0.530069
"2.602673,",-0.524327
"2.641969,",-0.524102
"2.665961,",-0.520344
"2.729500,",-0.524256
"2.769058,",-0.52326
"2.820294,",-0.520774
"2.897242,",-0.519479
"2.944008,",-0.521598
"2.991286,",-0.521761
"3.068658,",-0.523421
"3.124219,",-0.529663
"3.142432,",-0.534541
"3.165854,",-0.540811
"3.196874,",-0.545989
"3.220251,",-0.555303
"3.269423,",-0.557475
"3.285089,",-0.563237
"3.312685,",-0.566704
"3.342530,",-0.562062
"3.370031,",-0.566305
"3.385195,",-0.572798
"3.421839,",-0.573646
"3.439107,",-0.576808
"3.468456,",-0.577975
"3.505333,",-0.57916
"3.521852,",-0.577455
"3.544957,",-0.580425
"3.567782,",-0.583125
"3.565129,",-0.582684
"3.588566,",-0.582351
"3.610278,",-0.588014
"3.624684,",-0.591009
"3.646363,",-0.592102
"3.661818,",-0.595867
"3.700981,",-0.595456
"3.736028,",-0.597995
"3.742106,",-0.598506
"3.759623,",-0.595884
"3.799205,",-0.597864
"3.839802,",-0.601784
"3.868088,",-0.60433
"3.901869,",-0.605518
"3.944291,",-0.608938
"3.989022,",-0.608099
"4.027153,",-0.60899
"4.055109,",-0.608875
"4.081737,",-0.610116
"4.116152,",-0.611849
"4.136559,",-0.613774
"4.181041,",-0.6209
"4.196649,",-0.623121
"4.228180,",-0.625111
"4.246570,",-0.622076
"4.278957,",-0.62022
"4.315720,",-0.626142
"4.329760,",-0.634775
"4.349289,",-0.63663
"4.385990,",-0.63343
"4.432542,",-0.640443
"4.464172,",-0.646349
"4.492962,",-0.649978
"4.513365,",-0.645851
"4.530136,",-0.64963
"4.549353,",-0.651743
"4.571393,",-0.653956
"4.593485,",-0.653041
"4.616120,",-0.651248
"4.635467,",-0.650253
"4.655455,",-0.651076
"4.665662,",-0.652765
"4.684818,",-0.655304
"4.699344,",-0.657114
"4.715849,",-0.657265
"4.736226,",-0.656813
"4.761323,",-0.657311
"4.781213,",-0.655498
"4.801883,",-0.651381
"4.814213,",-0.651153
"4.830649,",-0.653396
"4.822845,",-0.650316
"4.811275,",-0.648661
"4.793173,",-0.645383
"4.784577,",-0.646661
"4.785372,",-0.644758
"4.771944,",-0.648855
"4.756123,",-0.653236
"4.742342,",-0.654019
"4.735552,",-0.654937
"4.740161,",-0.652747
"4.749338,",-0.649198
"4.743869,",-0.645099
"4.763448,",-0.644278
"4.806661,",-0.646527
"4.854090,",-0.646826
"4.899968,",-0.648558
"4.943957,",-0.646098
"4.982555,",-0.642958
"5.036369,",-0.640948
"5.079773,",-0.642411
"5.124891,",-0.639296
"5.172038,",-0.636771
"5.226026,",-0.632855
"5.246425,",-0.63224
"5.291163,",-0.629532
"5.339945,",-0.627111
"5.382526,",-0.625534
"5.394046,",-0.619822
"5.436376,",-0.622222
"5.470282,",-0.622539
"5.519140,",-0.621681
"5.538272,",-0.620441
"5.571911,",-0.619505
"5.597549,",-0.618874
"5.613045,",-0.621457
"5.647742,",-0.62051
"5.655963,",-0.621489
"5.730791,",-0.618706
"5.784951,",-0.608827
"5.832257,",-0.605188
"5.847683,",-0.598764
"5.897496,",-0.592428
"5.926955,",-0.583566
"5.971475,",-0.575282
"6.012596,",-0.56857
"6.032259,",-0.557852
"6.077152,",-0.547762
"6.111555,",-0.545318
"6.142675,",-0.541088
"6.179787,",-0.543935
"6.199943,",-0.546623
"6.215221,",-0.546683
"6.222316,",-0.543905
"6.245523,",-0.552534
"6.268406,",-0.553534
"6.283453,",-0.553505
"6.291973,",-0.560147
"6.304620,",-0.561509
"6.311518,",-0.564124
"6.316070,",-0.566237
"6.330436,",-0.567331
"6.334501,",-0.566066
"6.339017,",-0.568607
"6.350646,",-0.569409
"6.345672,",-0.566463
"6.377678,",-0.566587
"6.409512,",-0.563998
"6.424407,",-0.568557
"6.447839,",-0.568146
"6.480782,",-0.568583
"6.508745,",-0.57135
"6.516108,",-0.572939
"6.525071,",-0.572628
"6.530136,",-0.57227
"6.554882,",-0.574401
"6.555799,",-0.570434
"6.577534,",-0.574544
"6.592690,",-0.57273
"6.637534,",-0.568052
"6.677270,",-0.572094
"6.708081,",-0.574809
"6.727021,",-0.576258
"6.744109,",-0.570576
"6.755983,",-0.553444
"6.762841,",-0.542133
"6.762677,",-0.534075
"6.780514,",-0.537129
"6.802954,",-0.54082
"6.812152,",-0.536452
"6.833187,",-0.52843
"6.845237,",-0.528351
"6.852973,",-0.527449
"6.865126,",-0.521096
"6.873631,",-0.519317
"6.886754,",-0.514496
"6.895981,",-0.511611
"6.905595,",-0.508004
"6.910339,",-0.510755
"6.913709,",-0.512676
"6.919997,",-0.517249
"6.930845,",-0.518146
"6.931860,",-0.517297
"6.983800,",-0.511106
"7.032142,",-0.520558
"7.064802,",-0.525745
"7.078788,",-0.524861
"7.135013,",-0.502095
"7.174043,",-0.491065
"7.189720,",-0.482443
"7.211663,",-0.477794
"7.231190,",-0.478001
"7.239399,",-0.476689
"7.252162,",-0.478753
"7.287916,",-0.475069
"7.334438,",-0.470453
"7.361798,",-0.470282
"7.375393,",-0.472194
"7.393274,",-0.473571
"7.414668,",-0.472325
"7.447425,",-0.466453
"7.488434,",-0.458863
"7.508835,",-0.456506
"7.527045,",-0.451644
"7.539192,",-0.451961
"7.553517,",-0.449853
"7.569298,",-0.450813
"7.582983,",-0.451513
"7.584244,",-0.445383
"7.586914,",-0.441548
"7.596232,",-0.437421
"7.623749,",-0.423809
"7.635144,",-0.418651
"7.647201,",-0.417392
"7.655459,",-0.412165
"7.665790,",-0.41184
"7.667395,",-0.408272
"7.718491,",-0.386586
"7.741601,",-0.375142
"7.763730,",-0.373197
"7.779701,",-0.365098
"7.785113,",-0.362412
"7.792725,",-0.360063
"7.830749,",-0.348915
"7.850878,",-0.342834
"7.866033,",-0.339046
"7.874557,",-0.340296
"7.942748,",-0.349267
"7.973115,",-0.356678
"7.997812,",-0.361377
"8.014372,",-0.364545
"8.029217,",-0.370869
"8.044869,",-0.369812
"8.052267,",-0.365031
"8.078724,",-0.344967
"8.096965,",-0.333966
"8.111724,",-0.332631
"8.137302,",-0.321766
"8.150044,",-0.312374
"8.166514,",-0.309789
"8.180619,",-0.302013
"8.203242,",-0.297447
"8.217699,",-0.289802
"8.242375,",-0.270908
"8.262230,",-0.259012
"8.267125,",-0.253814
"8.297611,",-0.243512
"8.315590,",-0.239134
"8.320830,",-0.232085
"8.346684,",-0.211338
"8.384525,",-0.206073
"8.406616,",-0.197502
"8.423052,",-0.186509
"8.456975,",-0.179999
"8.499078,",-0.162477
"8.512159,",-0.144928
"8.537001,",-0.119533
"8.550566,",-0.102334
"8.593545,",-0.091709
"8.627222,",-0.078805
"8.653487,",-0.064689
"8.658219,",-0.051633
"8.702004,",-0.037527
"8.722932,",-0.028074
"8.740775,",-0.020522
"8.751040,",-0.011194
"8.776567,",0.005764
"8.787305,",0.02002
"8.810817,",0.033885
"8.833575,",0.043957
"8.863790,",0.055175
"8.882761,",0.063844
"8.898996,",0.069231
"8.952982,",0.07631
"8.979830,",0.087072
"9.006609,",0.094336
"9.015256,",0.098804
"9.023614,",0.092925
"9.041930,",0.090875
"9.056301,",0.092978
"9.072986,",0.110843
"9.120944,",0.125949
"9.116585,",0.146768
"9.125318,",0.15037
"9.146485,",0.14818
"9.159536,",0.147677
"9.176856,",0.172799
"9.185118,",0.205554
"9.191854,",0.222219
"9.203420,",0.236249
"9.222565,",0.255407
"9.240243,",0.277009
"9.274482,",0.285459
"9.282753,",0.295424
"9.291686,",0.317247
"9.290470,",0.343044
"9.310199,",0.362468
"9.316772,",0.375192
"9.357252,",0.375279
"9.382057,",0.375931
"9.398384,",0.399901
"9.399245,",0.424471
"9.399703,",0.45101
"9.403162,",0.465294
"9.406801,",0.48794
"9.460912,",0.507713
"9.489162,",0.521702
"9.501636,",0.536263
"9.480346,",0.5442
"9.466114,",0.562052
"9.459939,",0.593974
"9.491659,",0.603938
"9.512130,",0.611176
"9.523624,",0.627751
"9.524586,",0.64844
"9.514664,",0.670905
"9.528571,",0.674766
"9.549855,",0.686934
"9.560454,",0.692706
"9.565462,",0.713538
"9.558045,",0.728084
"9.595435,",0.752588
"9.606479,",0.770696
"9.609735,",0.78744
"9.619914,",0.808557
"9.612399,",0.836857
"9.628400,",0.857664
"9.634035,",0.876109
"9.637136,",0.901398
"9.648416,",0.909822
"9.647897,",0.935694
"9.654630,",0.94503
"9.654627,",0.967036
"9.664329,",0.989717
"9.678289,",1.006254
"9.675927,",1.029083
"9.675542,",1.05646
"9.692613,",1.078297
"9.700259,",1.099484
"9.701527,",1.124198
"9.705410,",1.147084
"9.705398,",1.166871
"9.710621,",1.18462
"9.723925,",1.212979
"9.732295,",1.239482
"9.741892,",1.262325
"9.750670,",1.285503
"9.752392,",1.305011
"9.747888,",1.325857
"9.732991,",1.348224
"9.723467,",1.370514
"9.726299,",1.395148
"9.725619,",1.41633
"9.724294,",1.438891
"9.721509,",1.458163
"9.735973,",1.469028
"9.741940,",1.481634
"9.750203,",1.492812
"9.753691,",1.506943
"9.764418,",1.526346
"9.762942,",1.542963
"9.779822,",1.555556
"9.789170,",1.574759
"9.782595,",1.591873
"9.778001,",1.607864
"9.780798,",1.620252
"9.788401,",1.637112
"9.783838,",1.669942
"9.787879,",1.696442
"9.782355,",1.719303
"9.773555,",1.743758
"9.764268,",1.770856
"9.760382,",1.793703
"9.768166,",1.819089
"9.770416,",1.85062
"9.771287,",1.876592
"9.773599,",1.897525
"9.768032,",1.919252
"9.758663,",1.943033
"9.758126,",1.961003
"9.751206,",1.974086
"9.753534,",1.98753
"9.758816,",1.998837
"9.751189,",2.022761
"9.764664,",2.034082
"9.768326,",2.042676
"9.775788,",2.072047
"9.773698,",2.087364
"9.793375,",2.121714
"9.802735,",2.153959
"9.804535,",2.179588
"9.796404,",2.204964
"9.796655,",2.224608
"9.799529,",2.250441
"9.800959,",2.274063
"9.801535,",2.307428
"9.791102,",2.339957
"9.792746,",2.37301
"9.787184,",2.401606
"9.776186,",2.428795
"9.761260,",2.450423
"9.754470,",2.471609
"9.774615,",2.48687
"9.786445,",2.50231
"9.797800,",2.511156
"9.800417,",2.528285
"9.804156,",2.549574
"9.800652,",2.571959
"9.820877,",2.600348
"9.816798,",2.617644
"9.828076,",2.647564
"9.819898,",2.668081
"9.813808,",2.692872
"9.825878,",2.719845
"9.829878,",2.740593
"9.834266,",2.768855
"9.832842,",2.798184
"9.820519,",2.821201
"9.817490,",2.845555
"9.821129,",2.871162
"9.823454,",2.893039
"9.818670,",2.92394
"9.814437,",2.953382
"9.812085,",2.970536
"9.808744,",2.988484
"9.801252,",3.010125
"9.787973,",3.03612
"9.781505,",3.062314
"9.785701,",3.0884
"9.784450,",3.115008
"9.776737,",3.145089
"9.766879,",3.170168
"9.754624,",3.193462
"9.753800,",3.221744
"9.755337,",3.247613
"9.768106,",3.282949
"9.761150,",3.306733
"9.768063,",3.337025
"9.777967,",3.368572
"9.784438,",3.391265
"9.763572,",3.412722
"9.775284,",3.43884
"9.777758,",3.477632
"9.780171,",3.49332
"9.781770,",3.520827
"9.776793,",3.540644
"9.769962,",3.566111
"9.765004,",3.575379
"9.758111,",3.607512
"9.765895,",3.622371
"9.771663,",3.629213
"9.772270,",3.646683
"9.776346,",3.662802
"9.774345,",3.680076
"9.753601,",3.705621
"9.746238,",3.713378
"9.737670,",3.734224
"9.734035,",3.7529
"9.734305,",3.769098
"9.731161,",3.798246
"9.726458,",3.835826
"9.721066,",3.85366
"9.722691,",3.873342
"9.730228,",3.903226
"9.739336,",3.924344
"9.743697,",3.952612
"9.738457,",3.980756
"9.730615,",4.002691
"9.735811,",4.027942
"9.741184,",4.046645
"9.739596,",4.068343
"9.737615,",4.090648
"9.729615,",4.105122
"9.737077,",4.122962
"9.739486,",4.140026
"9.739788,",4.1522
"9.735322,",4.165067
"9.736999,",4.179204
"9.734232,",4.192058
"9.734925,",4.197742
"9.735405,",4.20066
"9.730696,",4.207971
"9.729049,",4.211626
"9.720489,",4.207182
"9.723491,",4.201435
"9.722035,",4.199018
"9.723906,",4.19662
"9.728104,",4.197518
"9.725584,",4.193922
"9.730768,",4.192723
"9.723334,",4.192101
"9.723827,",4.190646
"9.727073,",4.190718
"9.732462,",4.190194
"9.734053,",4.184044
"9.729747,",4.17496
"9.731715,",4.174069
"9.731599,",4.17137
"9.734055,",4.166421
"9.730470,",4.165259
"9.723637,",4.165544
"9.721148,",4.169235
"9.727201,",4.178468
"9.725109,",4.17381
"9.727306,",4.17471
"9.722643,",4.174225
"9.721790,",4.171372
"9.729190,",4.174223
"9.730808,",4.173719
"9.731811,",4.171874
"9.735823,",4.16474
"9.734767,",4.162809
"9.730311,",4.168579
"9.725150,",4.16214
"9.727282,",4.168077
"9.728632,",4.167637
"9.729211,",4.168462
